"","DBN","SchoolName","AP Test Takers","Total Exams Taken","Number of Exams with scores 3 4 or 5","schoolyear","frl_percent","total_enrollment","ell_percent","sped_percent","asian_per","black_per","hispanic_per","white_per","male_per","StartingYear","EndingYear","Num of SAT Test Takers","SAT Critical Reading Avg. Score","SAT Math Avg. Score","SAT Writing Avg. Score","avg_sat_score"
"1","01M448","UNIVERSITY NEIGHBORHOOD H.S.",39,49,10,20092010,73.4,532,5.3,23.1,18,27.1,46.4,4.7,53.8,2009,2010,91,383,423,366,1172
"2","01M448","UNIVERSITY NEIGHBORHOOD H.S.",39,49,10,20102011,76.3,488,11.1,22.7,22.5,26.2,47.5,3.7,56.4,2010,2011,91,383,423,366,1172
"3","01M448","UNIVERSITY NEIGHBORHOOD H.S.",39,49,10,20112012,71.8,394,21.1,21.8,29.2,22.6,45.9,2.3,57.4,2011,2012,91,383,423,366,1172
"4","01M539","NEW EXPLORATIONS SCI,TECH,MATH",255,377,191,20092010,19.6,1480,0.5,3.2,25.2,11.6,15.8,44.6,47.6,2009,2010,159,522,574,525,1621
"5","01M539","NEW EXPLORATIONS SCI,TECH,MATH",255,377,191,20102011,24.4,1583,0.4,2.8,26,12.1,15.2,45.8,48.4,2010,2011,159,522,574,525,1621
"6","01M539","NEW EXPLORATIONS SCI,TECH,MATH",255,377,191,20112012,23,1613,0.2,2.7,27.8,11.7,14.2,44.9,49.2,2011,2012,159,522,574,525,1621
"7","02M300","Urban Assembly School of Design and Construction,",99,117,10,20092010,72.8,367,11.7,15.8,4.6,23.7,65.9,5.7,74.1,2009,2010,48,404,449,416,1269
"8","02M300","Urban Assembly School of Design and Construction,",99,117,10,20102011,83.3,393,11.5,19.6,5.1,25.7,62.3,5.1,74.3,2010,2011,48,404,449,416,1269
"9","02M300","Urban Assembly School of Design and Construction,",99,117,10,20112012,75.3,431,10.9,20,6,29.2,59.2,4.9,74.9,2011,2012,48,404,449,416,1269
"10","02M305","Urban Assembly Academy of Government and Law, The",25,37,15,20092010,71.9,284,5.6,13.7,3.2,41.9,50,4.2,40.8,2009,2010,50,375,388,385,1148
"11","02M305","Urban Assembly Academy of Government and Law, The",25,37,15,20102011,73.4,290,5.9,14.5,3.1,41.7,52.4,2.4,40.7,2010,2011,50,375,388,385,1148
"12","02M305","Urban Assembly Academy of Government and Law, The",25,37,15,20112012,68.3,312,6.1,17,3.8,41.7,50.6,3.5,43.9,2011,2012,50,375,388,385,1148
"13","02M400","HS FOR ENVIRONMENTAL STUDIES",213,298,152,20092010,58.2,1418,5.9,11.4,15.7,17.3,54.4,12.3,48.7,2009,2010,263,465,493,461,1419
"14","02M400","HS FOR ENVIRONMENTAL STUDIES",213,298,152,20102011,55.9,1429,7.4,12.9,16.1,15,56.2,12.6,49.5,2010,2011,263,465,493,461,1419
"15","02M400","HS FOR ENVIRONMENTAL STUDIES",213,298,152,20112012,56.4,1394,7.1,14.4,16.7,14.8,57.2,11.1,50.4,2011,2012,263,465,493,461,1419
"16","02M408","PROFESSIONAL PERFORMING ARTS",20,20,15,20092010,21.4,467,1.5,3.6,6,28.5,18.6,42.4,26.8,2009,2010,94,509,490,523,1522
"17","02M408","PROFESSIONAL PERFORMING ARTS",20,20,15,20102011,27.8,495,1.8,3,5.5,20.6,29.7,37,26.5,2010,2011,94,509,490,523,1522
"18","02M408","PROFESSIONAL PERFORMING ARTS",20,20,15,20112012,23.5,502,2,3.2,7,19.1,23.7,41.8,25.3,2011,2012,94,509,490,523,1522
"19","02M411","BARUCH COLLEGE CAMPUS HS",78,115,88,20092010,59.2,440,0.2,2.5,58.4,6.1,11.6,23.2,41.8,2009,2010,104,496,563,518,1577
"20","02M411","BARUCH COLLEGE CAMPUS HS",78,115,88,20102011,62.2,438,1.1,2.1,60.5,6.6,11.4,21.5,42.5,2010,2011,104,496,563,518,1577
"21","02M411","BARUCH COLLEGE CAMPUS HS",78,115,88,20112012,54.6,432,1.6,2.3,60.6,5.8,14.6,18.8,44,2011,2012,104,496,563,518,1577
"22","02M412","NYC LAB HS FOR COLL. STUDIES",114,140,97,20092010,20.2,520,0.6,15.8,29.2,9,13.3,46.2,50.2,2009,2010,114,537,590,550,1677
"23","02M412","NYC LAB HS FOR COLL. STUDIES",114,140,97,20102011,23.8,524,1.1,12.8,27.7,8,14.3,49.2,48.9,2010,2011,114,537,590,550,1677
"24","02M412","NYC LAB HS FOR COLL. STUDIES",114,140,97,20112012,21.6,579,1.6,15,29.4,8.5,14,45.9,47,2011,2012,114,537,590,550,1677
"25","02M416","Eleanor Roosevelt High School",155,235,169,20092010,26.7,498,0.6,2.2,18.1,8.2,9.8,61.2,35.9,2009,2010,127,572,594,592,1758
"26","02M416","Eleanor Roosevelt High School",155,235,169,20102011,16.7,499,0.2,2.2,19.6,7.4,10,62.5,33.3,2010,2011,127,572,594,592,1758
"27","02M416","Eleanor Roosevelt High School",155,235,169,20112012,15.8,507,0.2,1.2,17.2,5.5,11.6,63.7,32.5,2011,2012,127,572,594,592,1758
"28","02M418","Millennium High School",86,95,67,20092010,44.8,619,0.2,8.9,28.3,12,22.1,35.2,35.4,2009,2010,144,528,553,533,1614
"29","02M418","Millennium High School",86,95,67,20102011,44.8,637,0,8.9,28.3,9.3,24.8,37.2,37.8,2010,2011,144,528,553,533,1614
"30","02M418","Millennium High School",86,95,67,20112012,32.7,626,0.2,9.1,30,8.8,21.7,35.9,38.2,2011,2012,144,528,553,533,1614
"31","02M420","HEALTH PROF & HUMAN SVCS",204,248,75,20092010,81.4,1695,4,7.9,18.9,23.7,50.7,5.3,28.3,2009,2010,336,429,449,428,1306
"32","02M420","HEALTH PROF & HUMAN SVCS",204,248,75,20102011,81.4,1721,4.4,9.7,19.5,24.4,50.6,5.3,29.2,2010,2011,336,429,449,428,1306
"33","02M420","HEALTH PROF & HUMAN SVCS",204,248,75,20112012,68,1768,4,10.9,20.5,24.4,49.7,5.3,29.4,2011,2012,336,429,449,428,1306
"34","02M425","H S FOR LEADERSHIP & PUBLIC",70,84,32,20092010,85.5,646,4.2,16.1,9.3,30.8,51.7,6.3,48.8,2009,2010,84,416,426,391,1233
"35","02M425","H S FOR LEADERSHIP & PUBLIC",70,84,32,20102011,80.4,646,5.3,16.7,8.5,29.4,54.2,7.6,46.6,2010,2011,84,416,426,391,1233
"36","02M425","H S FOR LEADERSHIP & PUBLIC",70,84,32,20112012,74.2,607,5.4,18.6,8.1,30.5,54.2,6.6,46.1,2011,2012,84,416,426,391,1233
"37","02M439","MANHATTAN VILLAGE ACADEMY HS",42,69,29,20092010,76,449,3.6,10,6.5,25.2,61.7,5.6,38.1,2009,2010,95,441,473,458,1372
"38","02M439","MANHATTAN VILLAGE ACADEMY HS",42,69,29,20102011,79.1,433,3.5,8.5,7.2,22.2,66.1,4.4,39.7,2010,2011,95,441,473,458,1372
"39","02M439","MANHATTAN VILLAGE ACADEMY HS",42,69,29,20112012,60.3,429,3.7,8.2,6.3,16.8,71.8,4.9,38.5,2011,2012,95,441,473,458,1372
"40","02M459","CES-MANHATTAN INTERNATIONAL",12,12,6,20092010,94.4,309,67,1,24.3,17.5,41.4,16.2,49.2,2009,2010,49,376,460,391,1227
"41","02M459","CES-MANHATTAN INTERNATIONAL",12,12,6,20102011,90.5,320,73.8,0.6,33.4,14.7,36.9,15,48.8,2010,2011,49,376,460,391,1227
"42","02M459","CES-MANHATTAN INTERNATIONAL",12,12,6,20112012,80.7,325,77.5,0.3,33.5,14.8,36.9,14.5,44.3,2011,2012,49,376,460,391,1227
"43","02M460","WASHINGTON IRVING HS",69,83,21,20092010,68.8,1478,20,12.3,5,31.1,61,2.3,45.6,2009,2010,151,373,387,360,1120
"44","02M460","WASHINGTON IRVING HS",69,83,21,20102011,65.8,1231,20.1,16.1,4.8,32.8,60,2.1,46.4,2010,2011,151,373,387,360,1120
"45","02M460","WASHINGTON IRVING HS",69,83,21,20112012,66,1032,18.6,17.2,4.8,34.3,58.2,2.3,47.5,2011,2012,151,373,387,360,1120
"46","02M475","STUYVESANT HS",1510,2819,2648,20092010,36.7,3277,0,0.4,69.3,1.8,2.8,25.8,58.3,2009,2010,832,679,735,682,2096
"47","02M475","STUYVESANT HS",1510,2819,2648,20102011,41.3,3287,0,0.3,71.6,1.2,2.9,24.1,58.8,2010,2011,832,679,735,682,2096
"48","02M475","STUYVESANT HS",1510,2819,2648,20112012,30.3,3297,0,0.4,72.1,1.2,2.4,23.7,59.3,2011,2012,832,679,735,682,2096
"49","02M489","HS OF ECONOMICS & FINANCE",101,176,78,20092010,72.5,825,5.9,11.8,28.4,23.2,37.7,10.8,55.9,2009,2010,167,443,489,442,1374
"50","02M489","HS OF ECONOMICS & FINANCE",101,176,78,20102011,72.5,807,5.1,12.4,27.8,23.2,39.9,9.2,55,2010,2011,167,443,489,442,1374
"51","02M489","HS OF ECONOMICS & FINANCE",101,176,78,20112012,60.8,809,6.3,11.9,24.8,22.5,43.5,8.8,54.5,2011,2012,167,443,489,442,1374
"52","02M519","TALENT UNLIMITED",30,34,21,20092010,51.3,419,0.2,2.9,2.6,34.6,38.7,19.1,22.7,2009,2010,81,469,472,475,1416
"53","02M519","TALENT UNLIMITED",30,34,21,20112012,45.5,491,0.2,3.5,4.5,36,39.3,19.8,21.4,2011,2012,81,469,472,475,1416
"54","02M520","MURRY BERGTRAUM H.S.",118,157,76,20092010,72.5,2562,11.2,11.9,12.2,34.3,50.2,2.6,49,2009,2010,264,407,440,393,1240
"55","02M520","MURRY BERGTRAUM H.S.",118,157,76,20102011,68.4,2401,11.8,13.5,11.7,36.6,49,2.5,49.9,2010,2011,264,407,440,393,1240
"56","02M520","MURRY BERGTRAUM H.S.",118,157,76,20112012,72.7,2073,10.2,14.1,10.5,39.9,46.6,2.3,49.1,2011,2012,264,407,440,393,1240
"57","02M529","JACQUELINE K. ONASSIS HS",80,118,29,20092010,65.8,707,7.9,14.6,5.5,24.3,66.9,3,37.6,2009,2010,131,414,425,400,1239
"58","02M529","JACQUELINE K. ONASSIS HS",80,118,29,20102011,76.6,709,10.4,16.6,5.2,22.4,69.3,2.8,37,2010,2011,131,414,425,400,1239
"59","02M529","JACQUELINE K. ONASSIS HS",80,118,29,20112012,73,724,9.8,13.7,5.1,22.7,69.9,1.8,40.6,2011,2012,131,414,425,400,1239
"60","02M542","Manhattan Bridges High School",67,102,59,20092010,93.8,509,81.7,1,0,0,100,0,53.8,2009,2010,66,336,378,344,1058
"61","02M542","Manhattan Bridges High School",67,102,59,20102011,93.8,539,77.9,1.5,0,0,99.8,0,50.1,2010,2011,66,336,378,344,1058
"62","02M542","Manhattan Bridges High School",67,102,59,20112012,83.5,541,72.6,1.7,0.2,0,99.8,0,51.4,2011,2012,66,336,378,344,1058
"63","02M545","High School for Dual Language and Asian Studies",61,96,89,20092010,91.3,324,54,1.5,87,6.8,3.7,1.9,55.6,2009,2010,78,412,581,431,1424
"64","02M545","High School for Dual Language and Asian Studies",61,96,89,20102011,91.3,339,44.2,1.2,86.4,6.5,2.9,2.9,52.2,2010,2011,78,412,581,431,1424
"65","02M545","High School for Dual Language and Asian Studies",61,96,89,20112012,82.6,353,38.2,2.3,89.5,3.4,4,2.3,51.3,2011,2012,78,412,581,431,1424
"66","02M575","MANHATTAN COMP.NIGHT H.S.",58,100,61,20092010,92,862,65.4,2.9,33.2,33.5,27.4,4.8,57.8,2009,2010,121,345,517,343,1205
"67","02M580","R.R.GREEN HS OF TEACHING",67,117,40,20092010,75.2,614,5.7,16.3,3.4,35.3,57,2,29.5,2009,2010,84,408,384,403,1195
"68","02M580","R.R.GREEN HS OF TEACHING",67,117,40,20102011,76,608,6.4,18.8,3.6,37.5,55.3,2.8,30.1,2010,2011,84,408,384,403,1195
"69","02M580","R.R.GREEN HS OF TEACHING",67,117,40,20112012,67,610,6.4,21.8,2.3,35.1,59.3,2.3,32.6,2011,2012,84,408,384,403,1195
"70","02M600","HS FOR FASHION INDUSTRIES",70,87,26,20092010,76.7,1674,2.8,10.3,4.2,38.8,50.8,4.8,8.1,2009,2010,335,423,423,411,1257
"71","02M600","HS FOR FASHION INDUSTRIES",70,87,26,20102011,79.1,1634,2.9,11.1,4.1,40.2,50.7,4.3,7.8,2010,2011,335,423,423,411,1257
"72","02M600","HS FOR FASHION INDUSTRIES",70,87,26,20112012,68.3,1599,2.8,11.5,3.8,39.1,52.3,4.1,7.3,2011,2012,335,423,423,411,1257
"73","02M615","CHELSEA VHS",52,97,13,20092010,82.6,610,4.8,13.4,3.8,34.1,59.3,2.1,65.7,2009,2010,83,399,418,390,1207
"74","02M615","CHELSEA VHS",52,97,13,20102011,80.5,502,5,15.3,6.4,31.9,60.4,1.2,64.9,2010,2011,83,399,418,390,1207
"75","02M615","CHELSEA VHS",52,97,13,20112012,69.8,466,6.2,15.7,7.1,29.6,60.5,1.5,65,2011,2012,83,399,418,390,1207
"76","02M620","NORMAN THOMAS H.S.",34,34,14,20092010,71.3,2139,15.7,11.1,3.2,27.1,67.2,1.4,50.7,2009,2010,154,370,379,359,1108
"77","02M620","NORMAN THOMAS H.S.",34,34,14,20102011,76.8,1736,18.5,15,2,27.4,68.7,1.6,51.3,2010,2011,154,370,379,359,1108
"78","02M620","NORMAN THOMAS H.S.",34,34,14,20112012,81.1,1127,19.3,15.5,1.6,25.6,70.6,2,52,2011,2012,154,370,379,359,1108
"79","02M625","HS COMMUNICATION GRAPHIC ART",79,85,9,20092010,84.6,1820,9.8,15,2.6,32.5,61.3,2.3,46.4,2009,2010,191,395,382,376,1153
"80","02M625","HS COMMUNICATION GRAPHIC ART",79,85,9,20102011,84.6,1699,10.5,17,3.1,31.6,62.7,2.4,47.2,2010,2011,191,395,382,376,1153
"81","02M625","HS COMMUNICATION GRAPHIC ART",79,85,9,20112012,72.7,1433,9.1,17.2,3.1,30.3,63.8,2.6,46.5,2011,2012,191,395,382,376,1153
"82","02M630","HS OF ART AND DESIGN",84,100,33,20092010,55.1,1387,2.6,10.2,7.1,27.3,52.6,10.5,49,2009,2010,270,444,441,430,1315
"83","02M630","HS OF ART AND DESIGN",84,100,33,20102011,61.9,1283,2.3,9.9,8.7,27.4,50.7,11.8,48,2010,2011,270,444,441,430,1315
"84","02M630","HS OF ART AND DESIGN",84,100,33,20112012,53.3,1344,1.6,11.1,9,26.8,51,12.6,46.7,2011,2012,270,444,441,430,1315
"85","02M655","LIFE SCIENCES SECONDARY SCHL",50,90,10,20092010,77.1,700,6.9,18,2.1,30.3,64.3,1.7,53.4,2009,2010,61,409,424,403,1236
"86","02M655","LIFE SCIENCES SECONDARY SCHL",50,90,10,20102011,80,674,7.6,19.6,3.4,28.6,64.8,1.6,53.1,2010,2011,61,409,424,403,1236
"87","02M655","LIFE SCIENCES SECONDARY SCHL",50,90,10,20112012,70.3,717,7.9,19.7,3.3,28.6,64.3,2.4,51.6,2011,2012,61,409,424,403,1236
"88","03M470","LOUIS D. BRANDEIS HS",48,70,6,20092010,76.1,1562,31.2,7.6,1.9,26.8,69.8,1.1,49.3,2009,2010,131,370,390,358,1118
"89","03M470","LOUIS D. BRANDEIS HS",48,70,6,20102011,76.1,814,29.9,10,1.8,27.3,69.7,1.1,51.4,2010,2011,131,370,390,358,1118
"90","03M470","LOUIS D. BRANDEIS HS",48,70,6,20112012,68.6,291,27.8,10.7,2.1,29.6,67.4,1,50.5,2011,2012,131,370,390,358,1118
"91","03M479","BEACON SCHOOL",166,197,140,20092010,19.8,1144,0.2,5.2,7.4,13.7,21.6,52.6,39.6,2009,2010,261,577,575,592,1744
"92","03M479","BEACON SCHOOL",166,197,140,20102011,21.3,1159,0.3,4.8,8.1,16,23.1,52.3,40.6,2010,2011,261,577,575,592,1744
"93","03M479","BEACON SCHOOL",166,197,140,20112012,18.4,1162,0.2,3.7,8.9,14.6,22.8,49.8,39,2011,2012,261,577,575,592,1744
"94","03M485","FIORELLO H.LAGUARDIA HS",691,1236,790,20092010,29.5,2527,0.1,1.1,19.7,15.7,17,46.5,25.2,2009,2010,531,566,564,577,1707
"95","03M485","FIORELLO H.LAGUARDIA HS",691,1236,790,20102011,26.9,2545,0,1,19.9,14.5,17,47.7,26.7,2010,2011,531,566,564,577,1707
"96","03M485","FIORELLO H.LAGUARDIA HS",691,1236,790,20112012,21.7,2605,0.2,1,19.6,12.9,16.6,49.2,26.4,2011,2012,531,566,564,577,1707
"97","03M494","MLK, JR HS FOR ARTS & TECH",38,38,6,20092010,76.4,593,9.1,14.2,3.7,38.8,54,2.4,68,2009,2010,75,433,433,411,1277
"98","03M494","MLK, JR HS FOR ARTS & TECH",38,38,6,20102011,83.2,585,9.4,14.2,4.6,36.1,56.9,1.9,69.1,2010,2011,75,433,433,411,1277
"99","03M494","MLK, JR HS FOR ARTS & TECH",38,38,6,20112012,79.8,603,10.4,17.2,5,34.8,57.2,2.3,67.7,2011,2012,75,433,433,411,1277
"100","04M435","MANHATTAN CENTER-SCIENCE&MATH",328,426,261,20092010,77.1,1696,5.5,8,19.2,21.3,56,2.7,45.6,2009,2010,375,461,514,455,1430
"101","04M435","MANHATTAN CENTER-SCIENCE&MATH",328,426,261,20102011,79.2,1711,4.3,6.4,19.9,20.4,57.2,2,46.1,2010,2011,375,461,514,455,1430
"102","04M435","MANHATTAN CENTER-SCIENCE&MATH",328,426,261,20112012,71.6,1650,2.7,5.8,20.1,19.7,57.4,2.2,46.4,2011,2012,375,461,514,455,1430
"103","04M610","THE YOUNG WOMEN'S LEADERSHIP SCHOOL OF EAST HARLEM",41,55,29,20092010,82.9,437,1.6,6.2,4.1,34.1,58.4,0.7,0,2009,2010,70,432,446,448,1326
"104","04M610","THE YOUNG WOMEN'S LEADERSHIP SCHOOL OF EAST HARLEM",41,55,29,20102011,79.2,450,1.6,5.6,4.7,35.1,58.2,1.6,0,2010,2011,70,432,446,448,1326
"105","04M610","THE YOUNG WOMEN'S LEADERSHIP SCHOOL OF EAST HARLEM",41,55,29,20112012,67.3,449,2.2,6.7,5.1,31.2,60.1,1.6,0,2011,2012,70,432,446,448,1326
"106","05M499","FREDRICK DOUGLAS SEC. SCHOOL",163,226,159,20092010,71.8,1596,1.2,6.9,1.3,72.6,24.2,0.7,48.2,2009,2010,214,458,474,442,1374
"107","05M499","FREDRICK DOUGLAS SEC. SCHOOL",163,226,159,20102011,67,1543,1.6,6.6,1.1,75,22.9,0.9,49.4,2010,2011,214,458,474,442,1374
"108","05M499","FREDRICK DOUGLAS SEC. SCHOOL",163,226,159,20112012,57.6,1556,2.4,8.9,1.2,74.4,22.8,1.3,52.2,2011,2012,214,458,474,442,1374
"109","05M692","HIGH SCHOOL FOR MATH SCIENCE ENGINEERING @ CCNY",114,124,71,20112012,18.5,406,0,0,36.2,15,21.2,26.1,65.8,2011,2012,101,605,654,588,1847
"110","06M462","H.S. INT'L BUSINESS & FINANCE",108,135,43,20092010,91.6,666,35.6,12.8,0.6,7.4,89.9,1.1,58.1,2009,2010,76,365,384,378,1127
"111","06M462","H.S. INT'L BUSINESS & FINANCE",108,135,43,20102011,92.3,644,38.5,15.1,0.3,5.6,90.7,1.4,60.1,2010,2011,76,365,384,378,1127
"112","06M462","H.S. INT'L BUSINESS & FINANCE",108,135,43,20112012,89.3,630,43,13.7,0.5,5.2,91.4,1.4,63.8,2011,2012,76,365,384,378,1127
"113","06M467","H.S. LAW & PUBLIC SERVICE",141,212,82,20092010,66,678,24.8,13.6,0.3,10.3,88.3,1,52.7,2009,2010,94,363,378,361,1102
"114","06M467","H.S. LAW & PUBLIC SERVICE",141,212,82,20102011,70.3,665,28.6,15.3,0.8,12.9,85.3,1.1,53.8,2010,2011,94,363,378,361,1102
"115","06M467","H.S. LAW & PUBLIC SERVICE",141,212,82,20112012,72.5,694,32,16.7,1,13,84.4,1.3,58.6,2011,2012,94,363,378,361,1102
"116","06M468","H.S. HEALTH CAREERS & SCIENCE",32,38,17,20092010,88.4,658,30.4,12.3,1.1,8.7,89.4,0.9,51.2,2009,2010,24,400,422,402,1224
"117","06M468","H.S. HEALTH CAREERS & SCIENCE",32,38,17,20102011,87.9,711,32.8,12.2,1,9.1,88.5,1.1,51.3,2010,2011,24,400,422,402,1224
"118","06M468","H.S. HEALTH CAREERS & SCIENCE",32,38,17,20112012,90.7,679,31.2,13.8,0.7,13.7,83.8,1,52.7,2011,2012,24,400,422,402,1224
"119","06M540","A PHILIP RANDOLPH CAMPUS",165,222,72,20092010,74.7,1473,2.4,6.2,3.1,33.7,62.3,0.5,49.8,2009,2010,228,430,456,423,1309
"120","06M540","A PHILIP RANDOLPH CAMPUS",165,222,72,20102011,76.2,1492,2.5,5.2,2.9,33.4,63,0.5,49.5,2010,2011,228,430,456,423,1309
"121","06M540","A PHILIP RANDOLPH CAMPUS",165,222,72,20112012,76.3,1285,2.3,5.5,4,32.8,62.3,0.7,49.9,2011,2012,228,430,456,423,1309
"122","06M552","GREGORIO LUPERON HS SCI & MATH",88,138,73,20092010,97.5,486,82.3,0,0,0,100,0,48.4,2009,2010,56,339,349,326,1014
"123","06M552","GREGORIO LUPERON HS SCI & MATH",88,138,73,20102011,97.3,477,91.6,0,0,0,100,0,48.8,2010,2011,56,339,349,326,1014
"124","06M552","GREGORIO LUPERON HS SCI & MATH",88,138,73,20112012,92.8,472,89.6,0,0,0,99.8,0,48.9,2011,2012,56,339,349,326,1014
"125","07X221","South Bronx Preparatory: A College Board School",63,89,24,20092010,81.1,577,8.5,18,1,31.2,67.1,0.3,44.9,2009,2010,65,364,378,348,1090
"126","07X221","South Bronx Preparatory: A College Board School",63,89,24,20102011,81.1,588,8.3,18,1,30.4,68,0.3,47.4,2010,2011,65,364,378,348,1090
"127","07X221","South Bronx Preparatory: A College Board School",63,89,24,20112012,72.9,622,8.8,19.3,0.6,29.9,68.8,0.5,47.4,2011,2012,65,364,378,348,1090
"128","07X500","LINCOLN ACADEMY/ HOSTOS",64,107,39,20092010,67.2,560,6.4,15.2,1.8,26.4,70.9,0.9,44.3,2009,2010,66,420,426,411,1257
"129","07X500","LINCOLN ACADEMY/ HOSTOS",64,107,39,20102011,76.2,600,6.2,12.2,1.8,25,72,0.7,44.5,2010,2011,66,420,426,411,1257
"130","07X500","LINCOLN ACADEMY/ HOSTOS",64,107,39,20112012,68.3,538,5.6,11.9,2,24,72.7,0.7,45.2,2011,2012,66,420,426,411,1257
"131","07X520","FOREIGN LANG ACAD/GLOBAL STUD",13,13,12,20092010,92.4,457,14.2,17.7,2.8,22.8,72.2,1.3,45.3,2009,2010,64,399,396,391,1186
"132","07X520","FOREIGN LANG ACAD/GLOBAL STUD",13,13,12,20102011,93.8,394,17.3,21.1,2.8,26.1,69.5,0.8,45.2,2010,2011,64,399,396,391,1186
"133","07X520","FOREIGN LANG ACAD/GLOBAL STUD",13,13,12,20112012,89.9,311,21.9,22.5,3.2,26,68.8,1,45.3,2011,2012,64,399,396,391,1186
"134","07X551","Bronx Academy of Letters",53,92,37,20092010,89.2,581,10.2,20.3,1.2,34.9,63.3,0.3,42.5,2009,2010,51,413,381,407,1201
"135","07X551","Bronx Academy of Letters",53,92,37,20102011,86.9,571,10,19.6,1.1,33.8,64.8,0.2,41.5,2010,2011,51,413,381,407,1201
"136","07X551","Bronx Academy of Letters",53,92,37,20112012,79.1,555,9.4,24,0.5,34.1,64.3,0.9,44.5,2011,2012,51,413,381,407,1201
"137","07X670","HEALTH OPPORTUNITIES PROGRAM",61,117,29,20092010,89.9,616,7.3,11.9,2.3,34.9,61.4,0.2,28.2,2009,2010,114,363,368,364,1095
"138","07X670","HEALTH OPPORTUNITIES PROGRAM",61,117,29,20102011,89.1,608,8.6,15.6,2.3,37,60.5,0,27,2010,2011,114,363,368,364,1095
"139","07X670","HEALTH OPPORTUNITIES PROGRAM",61,117,29,20112012,77.8,587,10.4,19.6,3.1,39.2,56.9,0.5,28.6,2011,2012,114,363,368,364,1095
"140","08X293","Renaissance High School for Musical Theater & Tech",22,29,14,20092010,80.7,459,3.9,18.5,2.4,32.5,59.9,4.6,40.3,2009,2010,52,384,385,389,1158
"141","08X293","Renaissance High School for Musical Theater & Tech",22,29,14,20102011,78.2,459,2.4,19,3.3,29.4,60.8,6.1,38.8,2010,2011,52,384,385,389,1158
"142","08X293","Renaissance High School for Musical Theater & Tech",22,29,14,20112012,66.4,469,4.5,21.7,2.6,25.4,63.8,7.7,38,2011,2012,52,384,385,389,1158
"143","08X405","HERBERT LEHMAN HS",430,532,197,20092010,80.7,4115,8.8,16.6,6,22.5,60.9,9.2,59.1,2009,2010,415,412,436,393,1241
"144","08X405","HERBERT LEHMAN HS",430,532,197,20102011,80.7,3925,9.7,18.7,6.8,22.5,61.3,8.8,58.9,2010,2011,415,412,436,393,1241
"145","08X405","HERBERT LEHMAN HS",430,532,197,20112012,66.8,3593,9.2,20.9,6.8,23,60.6,9,61.1,2011,2012,415,412,436,393,1241
"146","08X650","JANE ADDAMS VHS",44,69,8,20092010,89.2,1274,10.8,17.7,1.7,35.7,61.1,0.4,29.4,2009,2010,78,377,359,376,1112
"147","08X650","JANE ADDAMS VHS",44,69,8,20102011,88.2,1004,10.5,18.2,1.7,37.1,60.7,0.3,28.9,2010,2011,78,377,359,376,1112
"148","08X650","JANE ADDAMS VHS",44,69,8,20112012,85.7,717,11.2,22.2,1.5,36.8,60.8,0.3,28.3,2011,2012,78,377,359,376,1112
"149","09X231","Eagle Academy for Young Men",32,44,11,20092010,71.1,449,3.1,20.3,1.6,62.8,33.4,0.2,100,2009,2010,78,373,387,374,1134
"150","09X231","Eagle Academy for Young Men",32,44,11,20102011,71.1,454,5.3,22.2,0.9,63.7,32.2,0.9,100,2010,2011,78,373,387,374,1134
"151","09X231","Eagle Academy for Young Men",32,44,11,20112012,60.4,550,4,24.2,0.7,63.1,33.8,0.5,100,2011,2012,78,373,387,374,1134
"152","11X455","HARRY S TRUMAN HS",103,135,27,20092010,47.1,2131,8.3,22.9,2.3,52.7,42.4,1.1,58.6,2009,2010,189,386,397,368,1151
"153","11X455","HARRY S TRUMAN HS",103,135,27,20102011,50.7,1987,9.3,26.8,1.9,51.4,44.6,1,60.2,2010,2011,189,386,397,368,1151
"154","11X455","HARRY S TRUMAN HS",103,135,27,20112012,50.6,1773,9.2,25.1,2,51.8,43.8,1.3,60,2011,2012,189,386,397,368,1151
"155","09X250","Eximius College Preparatory Academy: A College Boa",90,146,11,20092010,70.3,386,6.7,13,0.3,43.8,53.1,0.5,45.3,2009,2010,50,393,394,382,1169
"156","09X250","Eximius College Preparatory Academy: A College Boa",90,146,11,20102011,70.3,359,8.4,17,1.1,42.6,55.7,0.3,48.2,2010,2011,50,393,394,382,1169
"157","09X250","Eximius College Preparatory Academy: A College Boa",90,146,11,20112012,62.9,356,8.1,18.8,0.6,40.7,58.1,0.3,46.6,2011,2012,50,393,394,382,1169
"158","09X260","Bronx Center for Science and Mathematics",62,80,35,20092010,80.9,430,3.5,9.3,6,21.9,70.9,0.7,48.8,2009,2010,81,459,480,457,1396
"159","09X260","Bronx Center for Science and Mathematics",62,80,35,20102011,80.9,423,2.8,11.3,6.6,23.4,69,0.9,44.2,2010,2011,81,459,480,457,1396
"160","09X260","Bronx Center for Science and Mathematics",62,80,35,20112012,70,444,1.6,14,5.9,24.3,68.7,1.1,46.2,2011,2012,81,459,480,457,1396
"161","09X276","Leadership Institute",17,17,7,20092010,93.5,296,13.2,13.2,1,39.5,56.4,1.4,54.1,2009,2010,30,361,353,367,1081
"162","09X276","Leadership Institute",17,17,7,20102011,81.9,262,18.3,18.7,1.1,33.2,63.4,1.5,52.3,2010,2011,30,361,353,367,1081
"163","09X276","Leadership Institute",17,17,7,20112012,94.8,230,16.5,16.1,1.7,33,63.5,1.3,52.2,2011,2012,30,361,353,367,1081
"164","09X365","Academy for Language and Technology",20,20,20,20092010,83.7,302,90.7,1,0,0.3,99.7,0,51,2009,2010,54,315,339,297,951
"165","09X365","Academy for Language and Technology",20,20,20,20102011,98.7,364,86.8,1.1,0,0.5,99.5,0,50.8,2010,2011,54,315,339,297,951
"166","09X365","Academy for Language and Technology",20,20,20,20112012,85.7,336,86.6,0.9,0,0.6,99.4,0,48.8,2011,2012,54,315,339,297,951
"167","09X412","BRONX HIGH SCHOOL OF BUSINESS",26,31,9,20092010,74.2,443,17.6,16.5,1.8,35.7,61.9,0,55.5,2009,2010,34,356,376,351,1083
"168","09X412","BRONX HIGH SCHOOL OF BUSINESS",26,31,9,20102011,81.5,439,20.7,21.4,1.8,36.2,60.4,0.9,56.9,2010,2011,34,356,376,351,1083
"169","09X412","BRONX HIGH SCHOOL OF BUSINESS",26,31,9,20112012,77.6,401,23.2,23.2,0.7,38.7,59.9,0.5,54.9,2011,2012,34,356,376,351,1083
"170","09X505","BRONX SCH FOR LAW, GOVT, JUST",45,55,27,20092010,79.2,632,5.4,12.7,2.8,33.1,61.6,1.7,43.7,2009,2010,80,404,418,402,1224
"171","09X505","BRONX SCH FOR LAW, GOVT, JUST",45,55,27,20102011,79.2,723,5.8,14.2,2.1,32.4,63.6,1.7,45.4,2010,2011,80,404,418,402,1224
"172","09X505","BRONX SCH FOR LAW, GOVT, JUST",45,55,27,20112012,66.2,763,6.6,14,2,30.4,66.2,1,45.9,2011,2012,80,404,418,402,1224
"173","09X525","BRONX LEADERSHIP ACADEMY HS",40,42,8,20092010,85.2,658,8.8,18.4,1.1,43,54.1,0.6,42.4,2009,2010,114,384,394,388,1166
"174","09X525","BRONX LEADERSHIP ACADEMY HS",40,42,8,20102011,83.3,649,8,19.4,1.5,43.1,53.9,0.9,43.6,2010,2011,114,384,394,388,1166
"175","09X525","BRONX LEADERSHIP ACADEMY HS",40,42,8,20112012,76.9,705,9.6,20.3,0.7,41.1,57,0,43.3,2011,2012,114,384,394,388,1166
"176","10X141","MS/HS 141 D A STEIN RIV/KINGSB",133,184,119,20092010,51.9,1302,6.5,15.1,9,13.5,49.7,26.4,51.4,2009,2010,113,438,455,440,1333
"177","10X141","MS/HS 141 D A STEIN RIV/KINGSB",133,184,119,20102011,51.9,1335,7.2,15,8.9,13.9,51.8,24.7,51.8,2010,2011,113,438,455,440,1333
"178","10X141","MS/HS 141 D A STEIN RIV/KINGSB",133,184,119,20112012,39.7,1337,6.7,15.2,8.8,13,53,24.9,51.8,2011,2012,113,438,455,440,1333
"179","10X213","Bronx Engineering and Technology Academy",107,228,10,20092010,89.3,404,16.8,19.6,4,33.9,60.4,1.5,84.4,2009,2010,86,373,412,365,1150
"180","10X213","Bronx Engineering and Technology Academy",107,228,10,20102011,89.4,429,19.6,19.3,5.1,31,62.9,0.9,84.1,2010,2011,86,373,412,365,1150
"181","10X213","Bronx Engineering and Technology Academy",107,228,10,20112012,79.8,444,15.5,21.4,5.2,29.5,64.2,0.9,82.7,2011,2012,86,373,412,365,1150
"182","10X243","West Bronx Academy for the Future",25,29,14,20092010,93.4,558,13.3,17.4,3.9,29.7,63.6,1.3,56.5,2009,2010,26,382,406,370,1158
"183","10X243","West Bronx Academy for the Future",25,29,14,20102011,96,610,15.2,18.4,3.8,26.2,67.2,1.8,57.9,2010,2011,26,382,406,370,1158
"184","10X243","West Bronx Academy for the Future",25,29,14,20112012,86.3,636,13.2,19.5,3.5,24.7,69.5,1.3,57.9,2011,2012,26,382,406,370,1158
"185","10X342","International School for Liberal Arts",55,73,45,20092010,83.2,510,80.2,4.1,0,0.2,99.4,0.4,52.4,2009,2010,49,300,333,301,934
"186","10X342","International School for Liberal Arts",55,73,45,20102011,88.9,558,82.4,4.3,0,0,99.5,0,49.6,2010,2011,49,300,333,301,934
"187","10X342","International School for Liberal Arts",55,73,45,20112012,78.3,606,79.9,4.6,0.2,0,99.8,0,49,2011,2012,49,300,333,301,934
"188","10X368","MS/HS 368 INFO & NETWORK TECH",40,54,17,20092010,91.1,1074,14.5,15.5,4.2,11.3,81,3,51.4,2009,2010,111,390,408,383,1181
"189","10X368","MS/HS 368 INFO & NETWORK TECH",40,54,17,20102011,91.1,1118,13.4,14.8,3.9,11.9,80.9,2.3,49.7,2010,2011,111,390,408,383,1181
"190","10X368","MS/HS 368 INFO & NETWORK TECH",40,54,17,20112012,77.9,1126,12.1,14.3,4,11.9,81.9,2,48.9,2011,2012,111,390,408,383,1181
"191","10X433","HS FOR TEACHING & PROFESSIONS",62,83,13,20092010,90.8,484,16.7,17.4,1.9,32.4,64.3,0.8,38.4,2009,2010,57,370,371,365,1106
"192","10X433","HS FOR TEACHING & PROFESSIONS",62,83,13,20102011,95.4,465,18.7,20.6,2.6,28.8,68,0.6,40.2,2010,2011,57,370,371,365,1106
"193","10X433","HS FOR TEACHING & PROFESSIONS",62,83,13,20112012,88.1,473,17.8,20.1,2.5,25.2,70.4,1.9,42.3,2011,2012,57,370,371,365,1106
"194","10X434","BELMONT PREPARATORY HIGH SCHL",31,45,10,20092010,90.4,413,16.9,15,3.4,32.7,62,1.5,46.7,2009,2010,51,404,418,400,1222
"195","10X434","BELMONT PREPARATORY HIGH SCHL",31,45,10,20102011,95.4,389,14.7,17,3.1,30.8,64.8,1,46,2010,2011,51,404,418,400,1222
"196","10X434","BELMONT PREPARATORY HIGH SCHL",31,45,10,20112012,76.8,407,11.3,15.7,3.2,29,65.6,1.7,47.2,2011,2012,51,404,418,400,1222
"197","10X438","FORDHAM LDRSHP ACAD BUS & TECH",42,47,12,20092010,89.8,495,13.1,14.9,2.6,36.4,58.2,1.8,60.6,2009,2010,63,367,385,367,1119
"198","10X438","FORDHAM LDRSHP ACAD BUS & TECH",42,47,12,20102011,89.7,463,17.1,19.9,2.4,29.2,66.3,1.5,62.6,2010,2011,63,367,385,367,1119
"199","10X438","FORDHAM LDRSHP ACAD BUS & TECH",42,47,12,20112012,78.9,451,16.6,20.6,2.7,27.7,67.8,1.3,63.4,2011,2012,63,367,385,367,1119
"200","10X439","BRONX HS OF LAW & COMM SERVICE",44,65,9,20092010,90.2,451,13.7,20,2.2,37.3,58.1,1.1,41.5,2009,2010,65,366,364,352,1082
"201","10X439","BRONX HS OF LAW & COMM SERVICE",44,65,9,20102011,91.5,419,13.4,20.3,2.4,35.3,59.9,1.7,44.6,2010,2011,65,366,364,352,1082
"202","10X439","BRONX HS OF LAW & COMM SERVICE",44,65,9,20112012,80.2,432,13.4,20.8,2.3,30.8,64.6,0.9,44.4,2011,2012,65,366,364,352,1082
"203","10X440","DEWITT CLINTON HS",366,540,262,20092010,81.3,4444,21,11.4,6,27.6,63.2,2.2,48.5,2009,2010,443,419,426,410,1255
"204","10X440","DEWITT CLINTON HS",366,540,262,20102011,85.2,4408,19,13.9,6.6,28.8,61.7,2.1,49.2,2010,2011,443,419,426,410,1255
"205","10X440","DEWITT CLINTON HS",366,540,262,20112012,74.8,4159,19,14.9,6.7,30.8,59.6,2.1,51.1,2011,2012,443,419,426,410,1255
"206","10X442","Celia Cruz Bronx High School of Music, The",31,35,8,20092010,82.1,365,5.8,7.9,0.3,29,66.8,2.2,39.5,2009,2010,52,423,420,427,1270
"207","10X442","Celia Cruz Bronx High School of Music, The",31,35,8,20102011,86.3,397,4.8,8.8,0.5,27.5,69.3,2.5,39.8,2010,2011,52,423,420,427,1270
"208","10X442","Celia Cruz Bronx High School of Music, The",31,35,8,20112012,74.7,423,3.5,7.8,0.5,27.2,69.5,2.4,40.7,2011,2012,52,423,420,427,1270
"209","10X445","BRONX HS OF SCIENCE",1190,2435,2189,20092010,31.9,2941,0,0.3,60.8,3.3,7.7,25.2,57.4,2009,2010,731,632,688,649,1969
"210","10X445","BRONX HS OF SCIENCE",1190,2435,2189,20102011,31.6,3017,0,0.3,61.8,3.4,8,26.4,57.8,2010,2011,731,632,688,649,1969
"211","10X445","BRONX HS OF SCIENCE",1190,2435,2189,20112012,34.2,3013,0.1,0.1,63.5,3.5,7.2,25.4,57.8,2011,2012,731,632,688,649,1969
"212","10X475","JOHN F KENNEDY HS",46,48,19,20092010,85.3,1291,21.4,17.4,1.7,32.8,62.2,2.3,65.7,2009,2010,109,351,362,339,1052
"213","10X475","JOHN F KENNEDY HS",46,48,19,20102011,91.2,1142,22.2,19.3,2,32.1,62.2,1.9,67.3,2010,2011,109,351,362,339,1052
"214","10X475","JOHN F KENNEDY HS",46,48,19,20112012,77.8,706,23.8,20.8,0.7,35.1,62.7,1.4,68.3,2011,2012,109,351,362,339,1052
"215","10X477","MARBLE HILL HS FOR INT STUDIES",83,141,37,20092010,94.9,445,31.9,7.4,11.2,18.2,62.9,5.8,45.6,2009,2010,99,414,435,414,1263
"216","10X477","MARBLE HILL HS FOR INT STUDIES",83,141,37,20102011,94.8,449,31,8,12.2,20.7,60.1,6.2,47.2,2010,2011,99,414,435,414,1263
"217","10X477","MARBLE HILL HS FOR INT STUDIES",83,141,37,20112012,83.9,456,32.2,6.8,11,23,57.9,7.5,46.7,2011,2012,99,414,435,414,1263
"218","10X696","HIGH SCHOOL OF AMERICAN STUDIES At Lehman College",194,302,243,20112012,20.8,377,0,1.3,16.7,10.6,18,53.8,53.8,2011,2012,92,636,648,636,1920
"219","11X288","Collegiate Institute for Math and Science",79,111,33,20092010,74.2,485,2.7,11.1,6.8,39.6,46.6,5.8,56.5,2009,2010,97,444,471,433,1348
"220","11X288","Collegiate Institute for Math and Science",79,111,33,20102011,79.5,503,3.2,12.7,8.5,39.8,45.7,5.2,56.9,2010,2011,97,444,471,433,1348
"221","11X288","Collegiate Institute for Math and Science",79,111,33,20112012,67.9,543,3.3,14,9.2,36.8,46.8,7,57.1,2011,2012,97,444,471,433,1348
"222","11X299","Astor Collegiate Academy",36,48,12,20092010,73.6,471,7.2,18.9,4.5,42,41,10,58.4,2009,2010,60,387,391,391,1169
"223","11X299","Astor Collegiate Academy",36,48,12,20102011,74.5,480,10,21.7,4.8,40.2,42.7,11.3,57.3,2010,2011,60,387,391,391,1169
"224","11X299","Astor Collegiate Academy",36,48,12,20112012,64.4,498,7.6,21.7,5.4,35.7,46,11.8,58.6,2011,2012,60,387,391,391,1169
"225","11X415","CHRISTOPHER COLUMBUS HS",34,34,6,20092010,69.2,1396,17.3,22.3,6,36.1,45.9,10.2,56.4,2009,2010,121,367,361,353,1081
"226","11X415","CHRISTOPHER COLUMBUS HS",34,34,6,20102011,65.2,1155,16.2,24.1,6.5,37.2,45,10.9,56,2010,2011,121,367,361,353,1081
"227","11X415","CHRISTOPHER COLUMBUS HS",34,34,6,20112012,59.2,727,18.3,24.1,5.8,34.9,46.5,12.7,55.2,2011,2012,121,367,361,353,1081
"228","11X418","BRONX HS FOR THE VISUAL ARTS",26,41,9,20092010,78.9,406,4.2,19.2,1.5,35.5,54.4,7.6,59.1,2009,2010,48,419,433,416,1268
"229","11X418","BRONX HS FOR THE VISUAL ARTS",26,41,9,20102011,78.9,425,5.4,22.1,2.1,33.9,56,7.5,59.8,2010,2011,48,419,433,416,1268
"230","11X418","BRONX HS FOR THE VISUAL ARTS",26,41,9,20112012,68.7,483,5.2,20.9,1.9,29.2,62.3,6.4,58,2011,2012,48,419,433,416,1268
"231","11X542","Pelham Preparatory Academy",46,57,17,20092010,72,506,3.2,10.3,3,40.1,43.1,7.3,44.9,2009,2010,76,431,438,419,1288
"232","11X542","Pelham Preparatory Academy",46,57,17,20102011,74.3,501,2.6,10.2,2.4,44.5,46.7,6,47.3,2010,2011,76,431,438,419,1288
"233","11X542","Pelham Preparatory Academy",46,57,17,20112012,61,507,2.2,14.2,2.4,40.2,49.7,6.9,48.1,2011,2012,76,431,438,419,1288
"234","13K430","BROOKLYN TECHNICAL HS",2117,3692,2687,20092010,53.8,4947,0,0.7,58.8,12,8.3,20.5,58,2009,2010,1277,587,659,587,1833
"235","13K430","BROOKLYN TECHNICAL HS",2117,3692,2687,20102011,64.3,5140,0.1,0.8,60.4,10.7,7.7,21,58.4,2010,2011,1277,587,659,587,1833
"236","13K430","BROOKLYN TECHNICAL HS",2117,3692,2687,20112012,50.7,5332,0.1,0.5,60.3,10.2,7.9,21.3,58.3,2011,2012,1277,587,659,587,1833
"237","13K483","Urban Assembly School for Law and Justice, The",31,57,24,20092010,77.7,465,1.3,10.5,1.3,80.4,17.6,0.4,27.7,2009,2010,105,400,417,389,1206
"238","13K483","Urban Assembly School for Law and Justice, The",31,57,24,20102011,81,458,1.3,12.9,1.1,82.5,15.1,0.7,34.5,2010,2011,105,400,417,389,1206
"239","13K483","Urban Assembly School for Law and Justice, The",31,57,24,20112012,60.5,450,0.9,13.3,0.9,79.1,17.1,1.1,39.6,2011,2012,105,400,417,389,1206
"240","13K595","Bedford Academy High School",43,57,16,20092010,68.1,342,0.3,4.7,1.2,88.3,6.1,0,44.4,2009,2010,89,438,443,431,1312
"241","13K595","Bedford Academy High School",43,57,16,20102011,66.6,363,0.3,3.9,1.7,90.1,6.9,0.3,44.1,2010,2011,89,438,443,431,1312
"242","13K595","Bedford Academy High School",43,57,16,20112012,46.7,367,1.1,4.1,2.7,89.4,7.1,0.3,49,2011,2012,89,438,443,431,1312
"243","13K670","BENJAMIN BANNEKER ACADEMY",132,149,62,20102011,68.8,832,0.4,2.3,2.2,89.3,8.1,0.2,44.6,2010,2011,185,471,472,448,1391
"244","13K670","BENJAMIN BANNEKER ACADEMY",132,149,62,20112012,47.4,895,0,3,2.7,87,8.8,0.4,46.1,2011,2012,185,471,472,448,1391
"245","14K071","JHS 071 JUAN MOREL CAMPOS",16,16,12,20092010,93.2,906,23.2,26.5,0.3,19.8,76,3.3,54.1,2009,2010,102,365,361,359,1085
"246","14K071","JHS 071 JUAN MOREL CAMPOS",16,16,12,20102011,93.2,877,25.2,25.9,0.2,17.7,78,3.5,52.8,2010,2011,102,365,361,359,1085
"247","14K071","JHS 071 JUAN MOREL CAMPOS",16,16,12,20112012,76.6,865,24.9,26.7,0.2,15.3,80.6,3.4,54.7,2011,2012,102,365,361,359,1085
"248","14K478","HS OF ENTERPRISE AND TECH",94,129,19,20092010,85.9,885,10.6,12.1,2.3,37.9,56.8,1.6,68.1,2009,2010,142,398,421,396,1215
"249","14K478","HS OF ENTERPRISE AND TECH",94,129,19,20102011,84.9,950,9.9,13.4,2.4,38.5,56.6,1.9,67.2,2010,2011,142,398,421,396,1215
"250","14K478","HS OF ENTERPRISE AND TECH",94,129,19,20112012,74.2,976,9.9,13.2,3.2,39.3,55.4,1.9,65.7,2011,2012,142,398,421,396,1215
"251","14K488","Brooklyn Preparatory High School",28,46,7,20092010,81.9,351,1.4,16.8,2,70.1,24.5,1.7,47.3,2009,2010,42,367,373,350,1090
"252","14K488","Brooklyn Preparatory High School",28,46,7,20102011,81.6,380,2.4,17.4,1.6,65.3,30.8,1.6,47.1,2010,2011,42,367,373,350,1090
"253","14K488","Brooklyn Preparatory High School",28,46,7,20112012,80.3,400,2.7,18.8,1.7,58.7,37.7,1,47.7,2011,2012,42,367,373,350,1090
"254","17K382","Academy for College Preparation and Career Explora",64,82,7,20092010,69.7,599,2.7,10,0.5,89.8,7.2,1.2,54.8,2009,2010,59,396,374,369,1139
"255","17K382","Academy for College Preparation and Career Explora",64,82,7,20102011,54.3,563,6.2,11,0.7,91.5,5.7,2,54.5,2010,2011,59,396,374,369,1139
"256","17K382","Academy for College Preparation and Career Explora",64,82,7,20112012,57,565,5,10.8,0.2,92,6.7,1.1,53.8,2011,2012,59,396,374,369,1139
"257","17K546","High School for Public Service: Heroes  of Tomorro",106,130,13,20092010,76.3,387,0.8,6.5,0.8,86,12.7,0,22.5,2009,2010,79,418,441,414,1273
"258","17K546","High School for Public Service: Heroes  of Tomorro",106,130,13,20102011,72.4,407,0.2,3.7,1.5,86.5,10.3,0.2,23.8,2010,2011,79,418,441,414,1273
"259","17K546","High School for Public Service: Heroes  of Tomorro",106,130,13,20112012,70.3,417,0.5,4.1,3.6,82.5,12.2,0.7,24.9,2011,2012,79,418,441,414,1273
"260","17K548","Brooklyn School for Music & Theatre",37,41,9,20092010,77,411,0.7,10.7,0.7,84.9,12.4,0.7,30.7,2009,2010,48,385,393,373,1151
"261","17K548","Brooklyn School for Music & Theatre",37,41,9,20102011,77,396,0.5,10.6,0.8,84.6,13.4,0.8,30.3,2010,2011,48,385,393,373,1151
"262","17K548","Brooklyn School for Music & Theatre",37,41,9,20112012,60.5,412,0.5,12.1,1,82.8,15.3,1,32.8,2011,2012,48,385,393,373,1151
"263","17K590","MIDDLE COLL HS @ MEDGAR EVERS",272,507,86,20102011,82.8,1032,0,0.2,0.5,96.5,2.8,0.2,43.4,2010,2011,165,476,481,479,1436
"264","17K590","MIDDLE COLL HS @ MEDGAR EVERS",272,507,86,20112012,59.1,1104,0,0.5,0.9,95.7,2.8,0,41.8,2011,2012,165,476,481,479,1436
"265","17K600","CLARA BARTON VHS",135,211,63,20092010,80.9,1980,6.1,10.2,1.4,89.4,6.8,0.6,23.2,2009,2010,259,425,413,413,1251
"266","17K600","CLARA BARTON VHS",135,211,63,20102011,79.9,1746,6.9,10.7,1.5,90.5,6.9,0.6,23,2010,2011,259,425,413,413,1251
"267","17K600","CLARA BARTON VHS",135,211,63,20112012,73,1608,8.3,12.7,1.8,91.2,5.8,0.7,23.8,2011,2012,259,425,413,413,1251
"268","19K583","Multicultural High School",44,44,39,20092010,72.9,344,89.8,0.9,0.3,1.5,97.1,0,49.7,2009,2010,29,279,322,286,887
"269","19K583","Multicultural High School",44,44,39,20102011,83,415,90.1,0.7,0,1,99,0,50.1,2010,2011,29,279,322,286,887
"270","19K583","Multicultural High School",44,44,39,20112012,73.4,406,94.6,1,0,0.2,99.8,0,49.8,2011,2012,29,279,322,286,887
"271","19K615","ENY-TRANSIT TECH HS",138,164,18,20092010,75.9,1543,2.1,11.5,4.1,71,22.4,1.6,81.1,2009,2010,182,395,418,380,1193
"272","19K615","ENY-TRANSIT TECH HS",138,164,18,20102011,75.9,1458,2.5,13.4,4,71.3,22.6,1.4,82.6,2010,2011,182,395,418,380,1193
"273","19K615","ENY-TRANSIT TECH HS",138,164,18,20112012,62.3,1317,2.4,14.2,4.4,70.5,23.2,1.5,84.1,2011,2012,182,395,418,380,1193
"274","19K659","Cypress Hills Collegiate Preparatory School",21,21,10,20092010,73.2,420,11.2,11,11,16.2,68.6,2.1,45,2009,2010,51,376,385,368,1129
"275","19K659","Cypress Hills Collegiate Preparatory School",21,21,10,20102011,74,433,13.4,11.5,7.6,18,70.2,2.5,47.3,2010,2011,51,376,385,368,1129
"276","19K659","Cypress Hills Collegiate Preparatory School",21,21,10,20112012,67.1,437,16.2,11.7,8.2,16.9,73.2,1.4,47.8,2011,2012,51,376,385,368,1129
"277","20K445","NEW UTRECHT HS",174,271,95,20092010,54,2935,23,14.9,29.2,6.8,31.8,31.4,58.3,2009,2010,456,402,471,399,1272
"278","20K445","NEW UTRECHT HS",174,271,95,20102011,53.6,3218,24.5,14.3,34.3,6,28.8,30.8,59.7,2010,2011,456,402,471,399,1272
"279","20K445","NEW UTRECHT HS",174,271,95,20112012,59,3276,23,15.6,35.9,5.5,28,30.5,59.3,2011,2012,456,402,471,399,1272
"280","20K485","HS OF TELECOMMUNICATIONS",251,413,123,20092010,79.7,1297,5.7,16.7,18.7,10.7,53.7,16,55.4,2009,2010,238,425,474,424,1323
"281","20K485","HS OF TELECOMMUNICATIONS",251,413,123,20102011,79.7,1297,5.6,18,18.4,10.3,54.9,15.9,53.7,2010,2011,238,425,474,424,1323
"282","20K485","HS OF TELECOMMUNICATIONS",251,413,123,20112012,67.3,1280,4.9,19.4,19.2,9.5,54.1,16.8,53.5,2011,2012,238,425,474,424,1323
"283","20K490","FORT HAMILTON HS",357,576,331,20092010,55.2,4270,20.7,10.2,28.1,5.1,31.9,33.7,54.1,2009,2010,694,417,478,411,1306
"284","20K490","FORT HAMILTON HS",357,576,331,20102011,48.5,4353,21.7,11.9,29.6,5,30.3,34.4,54.7,2010,2011,694,417,478,411,1306
"285","20K490","FORT HAMILTON HS",357,576,331,20112012,45.9,4275,21.2,12.8,30.3,5,30.2,34.2,53.4,2011,2012,694,417,478,411,1306
"286","20K505","F.D. ROOSEVELT HS",228,340,186,20092010,72.4,3486,40.4,10.4,39.6,8.1,33.5,18.3,57.4,2009,2010,385,383,486,375,1244
"287","20K505","F.D. ROOSEVELT HS",228,340,186,20102011,74.2,3412,41.6,11.2,41.5,8.6,31.4,17.8,58.3,2010,2011,385,383,486,375,1244
"288","20K505","F.D. ROOSEVELT HS",228,340,186,20112012,74.3,3108,39.4,10.8,44.2,9.4,27.3,18.6,58.4,2011,2012,385,383,486,375,1244
"289","21K410","ABRAHAM LINCOLN HS",133,193,18,20092010,55.4,2533,17.2,11.3,16.7,35.8,21.3,25,56.1,2009,2010,475,396,437,393,1226
"290","21K410","ABRAHAM LINCOLN HS",133,193,18,20102011,55.9,2617,19.5,11,18,34.2,20.6,26.6,56,2010,2011,475,396,437,393,1226
"291","21K410","ABRAHAM LINCOLN HS",133,193,18,20112012,53.3,2595,16.7,11.5,19.3,35.1,20.1,25.1,56.4,2011,2012,475,396,437,393,1226
"292","21K525","EDWARD R MURROW HS",397,577,307,20092010,34.5,3949,8.2,12.8,26,25.9,15.8,31.7,42,2009,2010,727,468,496,467,1431
"293","21K525","EDWARD R MURROW HS",397,577,307,20102011,19.6,4019,9.1,13.8,25.6,24.9,17,32.2,41.8,2010,2011,727,468,496,467,1431
"294","21K525","EDWARD R MURROW HS",397,577,307,20112012,28.5,4022,9.1,14.1,27.1,24.1,17.6,30.8,42.4,2011,2012,727,468,496,467,1431
"295","21K540","JOHN DEWEY H.S.",232,370,154,20092010,45,2756,16.3,7.8,33.9,32.2,20.1,13.2,47.7,2009,2010,448,404,468,390,1262
"296","21K540","JOHN DEWEY H.S.",232,370,154,20102011,55.9,2613,19.2,8.7,36.7,31.2,19.9,11.9,49,2010,2011,448,404,468,390,1262
"297","21K540","JOHN DEWEY H.S.",232,370,154,20112012,58.7,2168,19.6,8.7,39.1,30.6,19.1,10.8,51.5,2011,2012,448,404,468,390,1262
"298","21K690","BROOKLYN STUDIO SCHOOL",39,43,13,20092010,65.2,875,7.4,18.3,11.2,10.1,20.1,58.1,45.9,2009,2010,119,429,449,435,1313
"299","21K690","BROOKLYN STUDIO SCHOOL",39,43,13,20102011,65.2,895,6.5,18.4,10.5,8.5,22.5,58.5,49.2,2010,2011,119,429,449,435,1313
"300","21K690","BROOKLYN STUDIO SCHOOL",39,43,13,20112012,49.9,876,8.4,18.7,12.8,7.2,23.1,56.5,50.1,2011,2012,119,429,449,435,1313
"301","22K405","MIDWOOD HS",745,1223,758,20092010,28.1,3938,3.4,5.6,30.3,37.7,11.3,20.5,46.4,2009,2010,824,478,519,476,1473
"302","22K405","MIDWOOD HS",745,1223,758,20102011,31.7,3986,3.5,5.5,30.9,36.5,11.8,20.6,45.7,2010,2011,824,478,519,476,1473
"303","22K405","MIDWOOD HS",745,1223,758,20112012,41.2,3842,3.7,5.2,31.7,35.2,11.7,21.2,45.3,2011,2012,824,478,519,476,1473
"304","22K425","JAMES MADISON HS",323,463,188,20092010,48.5,3288,10.2,10.7,17.5,22.5,15.7,43,53.7,2009,2010,518,436,475,439,1350
"305","22K425","JAMES MADISON HS",323,463,188,20102011,52,3145,12.9,12.3,19.4,18.9,15,46.4,54.1,2010,2011,518,436,475,439,1350
"306","22K425","JAMES MADISON HS",323,463,188,20112012,58.3,3076,13.2,12.4,20.8,17.9,14.5,46.4,54.4,2011,2012,518,436,475,439,1350
"307","22K495","SHEEPSHEAD BAY HS",37,59,27,20092010,39.9,2272,17.9,11.6,10.3,64.8,16.5,7.6,50,2009,2010,236,383,392,370,1145
"308","22K495","SHEEPSHEAD BAY HS",37,59,27,20102011,54.8,2147,18.4,13.2,10.2,65.8,15.8,8,52.1,2010,2011,236,383,392,370,1145
"309","22K495","SHEEPSHEAD BAY HS",37,59,27,20112012,53.1,1928,21.7,13.1,12,61.8,15.8,10.1,53.2,2011,2012,236,383,392,370,1145
"310","22K535","LEON GOLDSTEIN HS SCIENCES",367,575,382,20092010,32.6,1049,0.6,5,11.6,11.1,9.1,68.1,40.1,2009,2010,259,524,561,542,1627
"311","22K535","LEON GOLDSTEIN HS SCIENCES",367,575,382,20102011,36.9,1028,0.2,6.5,12.2,9.8,9.8,67.9,40.5,2010,2011,259,524,561,542,1627
"312","22K535","LEON GOLDSTEIN HS SCIENCES",367,575,382,20112012,29,1022,0.5,7.3,13.5,9.4,10.8,65.6,41.2,2011,2012,259,524,561,542,1627
"313","24Q264","Academy of Finance and  Enterprise",95,137,40,20092010,78.5,397,8.1,9.8,14.6,11.8,55.7,15.6,45.8,2009,2010,89,405,454,421,1280
"314","24Q264","Academy of Finance and  Enterprise",95,137,40,20102011,74.4,425,8,9.2,15.3,10.6,59.1,14.6,46.1,2010,2011,89,405,454,421,1280
"315","24Q264","Academy of Finance and  Enterprise",95,137,40,20112012,62.8,420,7.9,9.8,17.9,9.8,56.4,15.2,49.3,2011,2012,89,405,454,421,1280
"316","24Q455","NEWTOWN HS",174,200,117,20092010,48.2,3060,30.2,8,21.9,9,63.4,4.9,58.3,2009,2010,320,383,440,380,1203
"317","24Q455","NEWTOWN HS",174,200,117,20102011,53.7,2908,30.2,9.2,23.9,9.1,61.4,5.3,58,2010,2011,320,383,440,380,1203
"318","24Q455","NEWTOWN HS",174,200,117,20112012,56.2,2572,30,10.3,24.6,9.3,60.3,5.3,57.5,2011,2012,320,383,440,380,1203
"319","24Q485","GROVER CLEVELAND HS",200,274,112,20092010,47.1,2664,22.6,10.2,6.8,4.2,64.4,23.9,54,2009,2010,241,395,420,396,1211
"320","24Q485","GROVER CLEVELAND HS",200,274,112,20102011,47.1,2416,21.5,12,7.4,4.8,63.6,23.9,54,2010,2011,241,395,420,396,1211
"321","24Q485","GROVER CLEVELAND HS",200,274,112,20112012,41.4,2069,21.6,12.7,9.1,4.4,63.5,22.7,55,2011,2012,241,395,420,396,1211
"322","24Q550","HIGH SCHOOL FOR ARTS & BUSINESS",198,320,73,20092010,81.3,764,14.1,12.3,7.5,6.9,82.5,2.5,43.5,2009,2010,138,391,403,380,1174
"323","24Q550","HIGH SCHOOL FOR ARTS & BUSINESS",198,320,73,20102011,81.3,784,11.5,12.1,9.3,8.3,79.1,2.9,43.1,2010,2011,138,391,403,380,1174
"324","24Q550","HIGH SCHOOL FOR ARTS & BUSINESS",198,320,73,20112012,69.6,828,13.3,12.2,9.1,8.3,79.2,3,43.1,2011,2012,138,391,403,380,1174
"325","24Q600","QUEENS VHS",27,27,20,20092010,73.7,1281,5.5,13.9,10.9,8.5,70.3,9.8,61.6,2009,2010,155,417,447,406,1270
"326","24Q600","QUEENS VHS",27,27,20,20102011,84,1316,5.2,13.9,10.2,7,73.3,9.5,61.1,2010,2011,155,417,447,406,1270
"327","24Q600","QUEENS VHS",27,27,20,20112012,71.9,1368,6.4,13.7,10.2,6.9,74.2,8.7,60.3,2011,2012,155,417,447,406,1270
"328","24Q610","AVIATION CAREER & TECHNICAL H.S.",130,140,61,20092010,75.5,2097,3,4.6,23.1,7.2,57.6,9.9,86.6,2009,2010,396,445,496,423,1364
"329","24Q610","AVIATION CAREER & TECHNICAL H.S.",130,140,61,20102011,77.4,2119,3,4.9,25.3,6.1,58,9.2,85.7,2010,2011,396,445,496,423,1364
"330","24Q610","AVIATION CAREER & TECHNICAL H.S.",130,140,61,20112012,61.2,2201,3.2,5.3,27.1,6.8,55.3,10.1,85.3,2011,2012,396,445,496,423,1364
"331","25Q285","World Journalism Preparatory: A College Board Scho",65,87,18,20092010,44,561,0.9,19.8,19.3,10,25.3,43.5,43.5,2009,2010,63,471,489,481,1441
"332","25Q285","World Journalism Preparatory: A College Board Scho",65,87,18,20102011,44.3,568,0.7,20.6,19.2,8.3,21.5,50.5,43.3,2010,2011,63,471,489,481,1441
"333","25Q285","World Journalism Preparatory: A College Board Scho",65,87,18,20112012,33.5,595,0.8,17.8,19.3,8.4,20.3,51.6,42.2,2011,2012,63,471,489,481,1441
"334","25Q425","JOHN BOWNE HS",176,229,116,20092010,83.6,3114,25,10,27.6,22.7,43.9,4.9,49.7,2009,2010,558,397,451,395,1243
"335","25Q425","JOHN BOWNE HS",176,229,116,20102011,69.4,3471,25.3,10.8,33.1,20.4,40.9,5.2,50,2010,2011,558,397,451,395,1243
"336","25Q425","JOHN BOWNE HS",176,229,116,20112012,68.2,3660,24.7,9.8,34.3,19.2,40.7,5.2,49.2,2011,2012,558,397,451,395,1243
"337","25Q460","FLUSHING HS",324,424,136,20092010,72.5,2745,23.6,9.8,18.5,21.6,55,3.5,54.7,2009,2010,347,393,441,382,1216
"338","25Q460","FLUSHING HS",324,424,136,20102011,75.7,3041,21.5,12,19.2,24.7,52.2,3.7,56.5,2010,2011,347,393,441,382,1216
"339","25Q460","FLUSHING HS",324,424,136,20112012,67.6,3113,20,11.7,19.9,26.5,49.8,3.2,55.8,2011,2012,347,393,441,382,1216
"340","25Q525","TOWNSEND HARRIS HS",613,796,625,20092010,39.9,1108,0,0.4,51.5,6,12,27.7,30.2,2009,2010,278,621,651,638,1910
"341","25Q525","TOWNSEND HARRIS HS",613,796,625,20112012,29.2,1140,0,0.2,55.5,5.9,12.9,24.6,28.9,2011,2012,278,621,651,638,1910
"342","25Q670","R F KENNEDY COLLABORATIVE H S",77,112,43,20092010,42.2,723,4.7,14.4,27.5,12.3,32.8,26.7,52,2009,2010,99,431,458,441,1330
"343","25Q670","R F KENNEDY COLLABORATIVE H S",77,112,43,20102011,48.4,739,6.5,15,28.1,11.4,33.8,26.5,53.5,2010,2011,99,431,458,441,1330
"344","25Q670","R F KENNEDY COLLABORATIVE H S",77,112,43,20112012,46.4,721,7.5,18.4,28.4,11.5,35.4,24.5,53.8,2011,2012,99,431,458,441,1330
"345","26Q415","BENJAMIN N. CARDOZO",676,1145,796,20092010,21.6,4018,6.9,8.7,44.8,18.8,16.9,17.2,47.2,2009,2010,888,480,545,489,1514
"346","26Q415","BENJAMIN N. CARDOZO",676,1145,796,20102011,35.5,4063,6.5,10.8,45.8,18.5,18.1,17.2,47.8,2010,2011,888,480,545,489,1514
"347","26Q415","BENJAMIN N. CARDOZO",676,1145,796,20112012,37.3,3912,6.1,11.5,45.7,18.4,18.6,16.8,47.4,2011,2012,888,480,545,489,1514
"348","26Q430","FRANCIS LEWIS HS",697,1033,583,20092010,48.5,4460,12.4,9.3,49.5,9.7,24.4,15.6,48.2,2009,2010,934,468,539,467,1474
"349","26Q430","FRANCIS LEWIS HS",697,1033,583,20102011,57.4,4211,12.8,10.8,51.6,8.3,24.1,15.8,48.9,2010,2011,934,468,539,467,1474
"350","26Q430","FRANCIS LEWIS HS",697,1033,583,20112012,51.6,4152,13.2,12.3,51.9,8.3,24.1,15.5,49.2,2011,2012,934,468,539,467,1474
"351","26Q435","MARTIN VAN BUREN HS",71,101,15,20092010,32.1,2809,7.4,10.3,22.5,58.3,14.9,2.3,53.7,2009,2010,334,391,397,384,1172
"352","26Q435","MARTIN VAN BUREN HS",71,101,15,20102011,48.3,2542,7.9,11.3,22.7,59.2,14.9,2.4,54,2010,2011,334,391,397,384,1172
"353","26Q435","MARTIN VAN BUREN HS",71,101,15,20112012,38.2,2390,9.9,11.5,24.1,56.4,15.1,2.9,54.3,2011,2012,334,391,397,384,1172
"354","26Q495","BAYSIDE HS",480,686,413,20092010,66,3575,7.5,7.5,47.9,13.2,18.9,18.6,46.7,2009,2010,708,462,523,464,1449
"355","26Q495","BAYSIDE HS",480,686,413,20102011,61.5,3628,7,9.2,48.1,12.7,20.3,18.7,48,2010,2011,708,462,523,464,1449
"356","26Q495","BAYSIDE HS",480,686,413,20112012,52.4,3308,5.7,10.6,45.2,12.7,22.3,19.6,49.4,2011,2012,708,462,523,464,1449
"357","27Q262","Channel View School for Research",43,69,18,20092010,78.6,565,1.4,9.4,5.8,53.8,29,8.7,48.8,2009,2010,74,432,419,401,1252
"358","27Q262","Channel View School for Research",43,69,18,20102011,78.6,617,1.3,10.7,6.2,54.3,28.7,9.9,49.8,2010,2011,74,432,419,401,1252
"359","27Q262","Channel View School for Research",43,69,18,20112012,58,636,1.3,10.5,5.7,55.2,27.5,11.2,51.1,2011,2012,74,432,419,401,1252
"360","27Q323","Scholars' Academy",55,121,57,20112012,35.9,1062,0,1,22,19.2,15.9,41.6,43.9,2011,2012,89,499,537,496,1532
"361","27Q475","RICHMOND HILL HS",142,170,55,20092010,36.7,3174,16.7,10.8,33.1,15.2,45.9,2.5,51.2,2009,2010,404,382,404,368,1154
"362","27Q475","RICHMOND HILL HS",142,170,55,20102011,65.2,2910,17,13.1,34.1,16,47.1,2.4,51.1,2010,2011,404,382,404,368,1154
"363","27Q475","RICHMOND HILL HS",142,170,55,20112012,61.8,2585,17.4,13.7,32.9,16.8,46.4,3.2,53,2011,2012,404,382,404,368,1154
"364","27Q480","JOHN ADAMS HS",140,168,33,20092010,83.1,3247,13.7,11.2,26.9,28.2,35.8,4.3,54.9,2009,2010,403,391,409,392,1192
"365","27Q480","JOHN ADAMS HS",140,168,33,20102011,82.6,3296,15,12.3,28.2,29.3,36.6,4.4,54.5,2010,2011,403,391,409,392,1192
"366","27Q480","JOHN ADAMS HS",140,168,33,20112012,75.5,3386,16,12.1,27.5,27.7,37.1,3.6,54.5,2011,2012,403,391,409,392,1192
"367","27Q650","High School for Construction Trades, Engineering a",91,109,21,20092010,77.3,837,0.6,4.1,28.7,10.6,39.3,17.7,64.5,2009,2010,194,429,491,425,1345
"368","27Q650","High School for Construction Trades, Engineering a",91,109,21,20102011,75.7,896,0.2,4.2,30.1,9.8,41.9,17.4,63.7,2010,2011,194,429,491,425,1345
"369","27Q650","High School for Construction Trades, Engineering a",91,109,21,20112012,53.7,924,0.4,5.8,30.7,11.3,41.6,15.4,67.3,2011,2012,194,429,491,425,1345
"370","28Q440","FOREST HILLS HS",733,1116,526,20092010,40.4,3858,9.5,9.8,24.3,9.3,29.6,34.7,50.4,2009,2010,762,456,497,454,1407
"371","28Q440","FOREST HILLS HS",733,1116,526,20102011,50.7,3897,8.6,10.6,26.2,8.9,29.2,34.7,49.3,2010,2011,762,456,497,454,1407
"372","28Q440","FOREST HILLS HS",733,1116,526,20112012,41.2,3834,8.9,11.3,26.5,9,30.2,33.7,48.1,2011,2012,762,456,497,454,1407
"373","28Q470","JAMAICA HS",64,76,8,20092010,44.2,1474,17,10.7,24.2,52.6,19.1,1.5,53.7,2009,2010,90,342,368,353,1063
"374","28Q470","JAMAICA HS",64,76,8,20102011,59,1178,22.2,11.9,29.6,48.6,20.7,0.8,56.8,2010,2011,90,342,368,353,1063
"375","28Q470","JAMAICA HS",64,76,8,20112012,55.8,564,29.4,14,31,41.7,25.9,1.1,58.9,2011,2012,90,342,368,353,1063
"376","28Q505","HILLCREST HS",241,362,50,20092010,76,3118,13,8.2,29.9,44.2,22.5,2.1,42.1,2009,2010,462,395,413,386,1194
"377","28Q505","HILLCREST HS",241,362,50,20102011,76.4,3289,12.7,8.2,34.1,40.1,22.3,2.6,44.1,2010,2011,462,395,413,386,1194
"378","28Q505","HILLCREST HS",241,362,50,20112012,65,3103,15,9,36.5,36.6,22.8,2.9,46.1,2011,2012,462,395,413,386,1194
"379","28Q620","THOS A EDISON VHS",183,244,100,20092010,46,2599,1.8,9.6,45.9,26.2,23,4.2,67.5,2009,2010,422,452,478,442,1372
"380","28Q620","THOS A EDISON VHS",183,244,100,20102011,54.7,2352,1.7,11.5,48.7,24.7,22.4,3.5,66.2,2010,2011,422,452,478,442,1372
"381","28Q620","THOS A EDISON VHS",183,244,100,20112012,54.3,2252,1.4,11.4,50.9,23.7,21.1,3.2,65.1,2011,2012,422,452,478,442,1372
"382","28Q680","GATEWAY TO HEALTH SCIENCES",89,136,57,20102011,68.8,632,0,0,34.8,44.9,17.6,2.2,36.2,2010,2011,99,513,523,502,1538
"383","28Q680","GATEWAY TO HEALTH SCIENCES",89,136,57,20112012,55.8,783,0.1,1.7,36.5,44.8,15.7,2.7,38.1,2011,2012,99,513,523,502,1538
"384","28Q687","Queens HS for Science York Colllege",215,338,275,20112012,25.6,418,0.2,0.2,74.4,10.5,7.9,6.7,56.5,2011,2012,121,612,660,596,1868
"385","29Q492","MATH/SCIENCE RESEARCH TECH CTR",22,31,8,20092010,48.1,471,3.4,7.9,7.6,77.3,10.8,1.3,62,2009,2010,78,400,426,394,1220
"386","29Q492","MATH/SCIENCE RESEARCH TECH CTR",22,31,8,20102011,56.8,431,3.7,10.4,6.7,81,11.1,0.7,58.7,2010,2011,78,400,426,394,1220
"387","29Q492","MATH/SCIENCE RESEARCH TECH CTR",22,31,8,20112012,47.9,412,5.1,10.4,6.8,79.6,11.9,0.7,60.4,2011,2012,78,400,426,394,1220
"388","30Q445","WM CULLEN BRYANT HS",243,330,97,20092010,26.9,3096,20.3,10.9,26.7,8.4,49.5,14.6,51.5,2009,2010,395,414,449,412,1275
"389","30Q445","WM CULLEN BRYANT HS",243,330,97,20102011,30.1,3010,19,11.8,27.1,8,49.4,14.5,52.3,2010,2011,395,414,449,412,1275
"390","30Q445","WM CULLEN BRYANT HS",243,330,97,20112012,33.7,2945,17.9,12.1,28.9,7.3,48.8,14.5,53.7,2011,2012,395,414,449,412,1275
"391","30Q450","LONG ISLAND CITY HS",406,805,169,20092010,76.7,3300,13.8,12.1,15.8,12.7,58.8,11.8,51.9,2009,2010,392,403,420,395,1218
"392","30Q450","LONG ISLAND CITY HS",406,805,169,20102011,72.1,3508,13.8,12.3,14.7,11.9,61.1,12.1,50.5,2010,2011,392,403,420,395,1218
"393","30Q450","LONG ISLAND CITY HS",406,805,169,20112012,62.8,3386,13.2,13.8,13.2,11.4,62.7,12.5,51.3,2011,2012,392,403,420,395,1218
"394","30Q501","FRANK SINATRA HIGH SCHOOL",108,136,38,20092010,38.3,725,0.3,2.6,10.8,18.3,28.7,36.8,30.9,2009,2010,174,504,496,494,1494
"395","30Q501","FRANK SINATRA HIGH SCHOOL",108,136,38,20102011,30.9,736,0.3,1.8,10.6,19.2,27.3,41.8,30.8,2010,2011,174,504,496,494,1494
"396","30Q501","FRANK SINATRA HIGH SCHOOL",108,136,38,20112012,29.7,756,0.1,1.9,8.7,16.9,27.2,46.3,30,2011,2012,174,504,496,494,1494
"397","30Q502","INFORMATION TECHNOLOGY HS",51,74,13,20092010,78.9,982,9.9,15.5,14.6,16.2,56.9,11.2,71.3,2009,2010,148,407,434,398,1239
"398","30Q502","INFORMATION TECHNOLOGY HS",51,74,13,20102011,82.6,945,9.8,17.1,14.9,17.9,57.1,9.9,72.6,2010,2011,148,407,434,398,1239
"399","30Q502","INFORMATION TECHNOLOGY HS",51,74,13,20112012,73.7,917,9.6,16,15.6,18.1,56.6,9.4,71.8,2011,2012,148,407,434,398,1239
"400","30Q555","NEWCOMERS HS:ACAD AMER STD",119,163,140,20092010,86.9,915,89.4,0,38.7,4.4,52.1,4.2,53.9,2009,2010,143,323,475,329,1127
"401","30Q555","NEWCOMERS HS:ACAD AMER STD",119,163,140,20102011,86.6,1044,90.4,0,44.7,5.5,45.2,4.4,54.1,2010,2011,143,323,475,329,1127
"402","30Q555","NEWCOMERS HS:ACAD AMER STD",119,163,140,20112012,81.2,932,90.3,0,48.3,5.6,43.5,2.6,53.2,2011,2012,143,323,475,329,1127
"403","30Q575","ACADEMY OF AMER. STUDIES HS",101,170,119,20092010,56,706,6.4,9.8,30.6,8.1,33,28.3,43.6,2009,2010,135,487,492,491,1470
"404","30Q575","ACADEMY OF AMER. STUDIES HS",101,170,119,20102011,68.9,684,6,8.5,30.7,8.2,32.2,28.9,45.6,2010,2011,135,487,492,491,1470
"405","30Q575","ACADEMY OF AMER. STUDIES HS",101,170,119,20112012,52.4,704,5.7,8,29.1,6.8,34.7,29.4,45,2011,2012,135,487,492,491,1470
"406","31R080","PS 080 MICHAEL J. PETRIDES",162,243,66,20092010,40.6,1320,1.3,17.5,8,18.3,15.8,56.1,49.5,2009,2010,107,472,488,466,1426
"407","31R080","PS 080 MICHAEL J. PETRIDES",162,243,66,20102011,43.7,1315,1.7,17.7,8.2,18,15.9,56.5,49.2,2010,2011,107,472,488,466,1426
"408","31R080","PS 080 MICHAEL J. PETRIDES",162,243,66,20112012,32.3,1308,1.6,18.5,8.1,18.8,16.9,55.9,49.2,2011,2012,107,472,488,466,1426
"409","31R440","NEW DORP HS",96,118,62,20092010,51.6,2296,5.4,15.3,6.8,11.7,23.2,53.7,52.4,2009,2010,391,424,437,416,1277
"410","31R440","NEW DORP HS",96,118,62,20102011,50.9,2476,5.7,16.4,6.9,12.9,26.1,53.8,53.6,2010,2011,391,424,437,416,1277
"411","31R440","NEW DORP HS",96,118,62,20112012,42.3,2658,5.9,16.9,7,12.1,27.3,53.3,52.5,2011,2012,391,424,437,416,1277
"412","31R445","PORT RICHMOND HS",194,304,76,20092010,58.1,2267,5.1,16.1,6.8,30.4,35.8,26.2,51.4,2009,2010,271,424,438,417,1279
"413","31R445","PORT RICHMOND HS",194,304,76,20102011,58.9,2272,4.3,19.1,6.8,31.1,35.7,25.7,52.9,2010,2011,271,424,438,417,1279
"414","31R445","PORT RICHMOND HS",194,304,76,20112012,53.3,2151,5.3,20.9,6.8,30.9,37.6,24.2,54.8,2011,2012,271,424,438,417,1279
"415","31R450","CURTIS HS",247,295,90,20092010,53.8,2654,6.2,12.7,6.7,38.4,30.6,22,45.9,2009,2010,375,437,435,429,1301
"416","31R450","CURTIS HS",247,295,90,20102011,59.5,2565,6,14.6,7.5,37.9,31.1,22.9,45.5,2010,2011,375,437,435,429,1301
"417","31R450","CURTIS HS",247,295,90,20112012,54.3,2552,6.1,14.7,7.3,38.4,31.9,21.8,46.4,2011,2012,375,437,435,429,1301
"418","31R455","TOTTENVILLE HS",396,687,206,20092010,14.6,3876,1.6,12.5,6.1,1.8,9.8,81.7,50.6,2009,2010,807,462,486,470,1418
"419","31R455","TOTTENVILLE HS",396,687,206,20102011,18.5,3813,1.7,13.2,5.5,1.9,9.9,82.3,49.8,2010,2011,807,462,486,470,1418
"420","31R455","TOTTENVILLE HS",396,687,206,20112012,18.4,3875,1.4,13.9,5.4,2.1,9.9,82.1,49.6,2011,2012,807,462,486,470,1418
"421","31R460","SUSAN E. WAGNER HS",279,408,175,20092010,43.6,3307,3.7,15.5,15.1,10.9,22.1,50.6,49.6,2009,2010,535,455,474,459,1388
"422","31R460","SUSAN E. WAGNER HS",279,408,175,20102011,48.4,3162,3.4,17.4,15.1,10.7,23.2,50.4,49.8,2010,2011,535,455,474,459,1388
"423","31R460","SUSAN E. WAGNER HS",279,408,175,20112012,41.4,3243,3.4,18.8,14.6,11.3,24.1,49.4,50.8,2011,2012,535,455,474,459,1388
"424","31R605","STATEN ISLAND TECHNICAL HS",528,905,809,20092010,13.8,1015,0,1,28.6,2.2,4.9,63.8,59.3,2009,2010,227,635,682,636,1953
"425","31R605","STATEN ISLAND TECHNICAL HS",528,905,809,20112012,17,1104,0.1,0.5,31.8,1.1,5.3,61.3,57,2011,2012,227,635,682,636,1953
"426","32K545","EBC-HS FOR PUB SERVICE (BUSH)",47,64,13,20092010,93.1,710,14.5,10,1.3,11,86.2,0.8,50.3,2009,2010,88,384,409,361,1154
"427","32K545","EBC-HS FOR PUB SERVICE (BUSH)",47,64,13,20102011,91,675,15.6,10.2,1.5,9.3,87.6,0.9,52.6,2010,2011,88,384,409,361,1154
"428","32K545","EBC-HS FOR PUB SERVICE (BUSH)",47,64,13,20112012,86.9,606,15.3,12.2,1.7,9.2,88.1,0.7,52.1,2011,2012,88,384,409,361,1154
"429","32K552","Academy of Urban Planning",76,100,10,20092010,74.4,469,15.4,16.8,1.1,34.8,62.3,1.7,49.3,2009,2010,67,342,364,354,1060
"430","32K552","Academy of Urban Planning",76,100,10,20102011,75.2,471,19.5,19.7,1.3,31,65.8,1.7,52.7,2010,2011,67,342,364,354,1060
"431","32K552","Academy of Urban Planning",76,100,10,20112012,77.1,398,23.9,22.1,1.5,26.4,70.4,1,54.5,2011,2012,67,342,364,354,1060
"432","32K556","Bushwick Leaders High School for Academic Excellen",34,35,18,20092010,94.4,481,21.2,17,1,16.8,81.3,0.4,50.9,2009,2010,23,347,358,350,1055
"433","32K556","Bushwick Leaders High School for Academic Excellen",34,35,18,20102011,96.7,500,20.2,17.6,0.6,18.4,80.4,0.2,54,2010,2011,23,347,358,350,1055
"434","32K556","Bushwick Leaders High School for Academic Excellen",34,35,18,20112012,88,462,18.2,18.6,0.9,21.2,77.3,0,53.2,2011,2012,23,347,358,350,1055
